INSERT INTO accounting."groups" (id,formation_year,study_year,head_of_group_id,speciality_code,depart_id) VALUES
 (1101,2023,1,100001,'10.06.04',1),
 (1120,2023,1,100003,'10.06.03',2),
 (2101,2023,1,100005,'10.06.06',3),
 (2120,2023,1,100007,'10.06.07',4),
 (3101,2023,1,100009,'10.06.05',5),
 (3120,2023,1,100011,'10.06.08',6),
 (4104,2023,1,100013,'10.05.02',7),
 (4108,2023,1,100015,'10.06.09',8),
 (5104,2023,1,100017,'10.06.11',10),
 (5108,2023,1,100019,'10.06.10',9),
 (9103,2023,1,100021,'10.06.13',12),
 (9110,2023,1,100023,'10.06.12',11);

INSERT INTO accounting.curators (personnel_number,full_name,job_title,academic_degree,phone_number,email,depart_id) VALUES
 (1001,'Михайлов Михаил Генадьевич','ст.п','ктн',8431112233,'1mail@mail.com',1),
 (1002,'Соломонов Гильгамеш Новохудоносорович','п','дтн',8431112234,'2mail@mail.com',2),
 (1003,'Винский Глеб Сергеевич','доц','ктн',8431112235,'3mail@mail.com',3),
 (1004,'Пивовар Олег Сергеевич','ст.п','ктн',8431112236,'4mail@mail.com',4),
 (1005,'Костромской Евгений Олегович','ст.п','ктн',8431112237,'5mail@mail.com',5),
 (1006,'Сибирский Трофим Дмитриевич','вед. инж.','ктн',8431112238,'6mail@mail.com',6),
 (1007,'Эллинский Эдуард Петрович','вед. инж.','ктн',8431114233,'7mail@mail.com',7),
 (1008,'Махачкалинский Мастурбек Жигалович','доц','дтн',8431152233,'8mail@mail.com',8),
 (1009,'Портовой Судоход Совкомфлотович','ст.п','ктн',8437112233,'9mail@mail.com',9),
 (1010,'Макарян Эдвард Жорович','вед. инж.','ктн',8431112293,'10mail@mail.com',10),
 (1011,'Бессмертных Виталий Провович','ст.п','ктн',8431112833,'11mail@mail.com',11),
 (1012,'Диплодоков Дейноних Паразауролофович','п','ктн',8431112288,'12mail@mail.com',12);

INSERT INTO accounting.curators_groups (personnel_number,group_id) VALUES
 (1002,1120),
 (1003,2101),
 (1006,3120),
 (1007,4104),
 (1008,4108),
 (1004,2120),
 (1001,1101),
 (1005,3101),
 (1010,5104),
 (1009,5108),
 (1011,9110),
 (1012,9103);
	
INSERT INTO accounting.departments (id,full_name,address,depart_room_num,head_of_depart_full_name,head_of_depart_phone,head_of_depart_email,faculty_id) VALUES
 (1,'АДиС','Четаева 18',212,'Абдуллин Айрат Лесталевич',8436571235,'kai-adis@mail.ru',1),
 (2,'КиПЛА','Толстого 15',210,'Гайнутдинов Владимир Григорьевич',8436571235,'fwg@mail.ru',1),
 (7,'СиБ','Большая Красная 55',406,'Аникин Игорь Вячеславович',8432310056,'IVAnikin@kai.ru',4),
 (8,'ПМИ','Большая Красная 55',304,'Зайдуллин Сергей Сагитович',8431746578,'pmi@kai.ru',4),
 (9,'РИИТ','Карла Маркса 31',401,'Шахтурин Денис Владимирович',8436571234,'riit@kai.ru',5),
 (10,'РТС','Карла Маркса 31',501,'Данилаев Дмитрий Петрович',8436578912,'DPDanilaev@kai.ru ',5),
 (3,'ОФ','Четаева 18',306,'Тимеркаев Борис Ахунович',8439562156,'BATimerkaev@kai.ru',2),
 (4,'ТФ','Четаева 18',318,'Гайсин Алмаз Фивзатович',8436215766,'alfgaysin@kai.ru',2),
 (5,'ЭПиМК','Толстого 15',504,'Галимов Фарид Мисбахович',8436526699,'epmk-kai@yandex.ru',3),
 (6,'АиУ','Толстого 15',418,'Маливанов Николай Николаевич',8436255588,'ivpetruv@kai.ru ',3),
 (11,'ЭТиУР','Четаева 18',527,'Мустафина Гульнара Гаптельнуровна',8431112255,'GGMustafina@kai.ru',9),
 (12,'ЦЭ','Четаева 18',437,'Аппалонова Наталья Александровна',8436963113,'n.appalonova@mail.ru',9);

INSERT INTO accounting.faculties (id,full_name,address,deans_room_num,dean_full_name,dean_phone,dean_email) VALUES
 (1,'ИАНТЭ','Толстого 15',105,'Леонтьев Прохор Денисович',8434584523,'leontevpd@kai.ru'),
 (2,'ФМФ','Четаева 18',103,'Дорохов Лука Никитович',8436471236,'dorokhovln@kai.ru'),
 (3,'ИАЭП','Толстого 15',102,'Самойлов Леонид Станиславович',8439645896,'samoilovls@kai.ru'),
 (4,'ИКТЗИ','Большая Красная 55',109,'Трегубов Родион Робертович',8435213497,'tregubovrr@kai.ru'),
 (9,'ИИЭП','Карла Маркса 10',106,'Долгоруков Дмитрий Сергеевич',8432587534,'dolgorukovds@kai.ru'),
 (5,'ИРЕФ-ЦТ','Карла Маркса 31',104,'Безруков Михаил Терентьевич',8432136719,'bezrukovmt@kai.ru');
	
INSERT INTO accounting.passport_data (document_number,issue_date,series,depart_code,registration_address,student_id) VALUES
 (920566,'2018-04-24',9218,160059,'РегАдрес1',100001),
 (920472,'2018-04-24',9218,160059,'РегАдрес2',100002),
 (922266,'2018-04-24',9218,160059,'РегАдрес3',100003),
 (923516,'2018-04-24',9218,160059,'РегАдрес4',100004),
 (911166,'2018-04-24',9218,160059,'РегАдрес5',100005),
 (952326,'2018-04-24',9218,160059,'РегАдрес6',100006),
 (977766,'2018-04-24',9218,160059,'РегАдрес7',100007),
 (920006,'2018-04-24',9218,160059,'РегАдрес8',100008),
 (999566,'2018-04-24',9218,160059,'РегАдрес9',100009),
 (920016,'2018-04-24',9218,160059,'РегАдрес10',100010),
 (933336,'2018-04-24',9218,160059,'РегАдрес11',100011),
 (944444,'2018-04-24',9218,160059,'РегАдрес12',100012),
 (950566,'2018-04-24',9218,160059,'РегАдрес13',100013),
 (955551,'2018-04-24',9218,160059,'РегАдрес14',100014),
 (955555,'2018-04-24',9218,160059,'РегАдрес15',100015),
 (955554,'2018-04-24',9218,160059,'РегАдрес16',100016),
 (955556,'2018-04-24',9218,160059,'РегАдрес17',100017),
 (955558,'2018-04-24',9218,160059,'РегАдрес18',100018),
 (955559,'2018-04-24',9218,160059,'РегАдрес19',100019),
 (955773,'2018-04-24',9218,160059,'РегАдрес20',100020),
 (915923,'2018-04-24',9218,160059,'РегАдрес21',100021),
 (947523,'2018-04-24',9218,160059,'РегАдрес22',100022),
 (901011,'2018-04-24',9218,160059,'РегАдрес23',100023),
 (902022,'2018-04-24',9218,160059,'РегАдрес24',100024);
	
INSERT INTO accounting.specialties (code,full_name) VALUES
 ('10.05.02','Информационная безопасность ТКС'),
 ('10.06.03','Специальность 2'),
 ('10.06.04','Специальность 3'),
 ('10.06.05','Специальность 4'),
 ('10.06.06','Специальность 5'),
 ('10.06.07','Специальность 6'),
 ('10.06.08','Специальность 7'),
 ('10.06.09','Специальность 8'),
 ('10.06.10','Специальность 9'),
 ('10.06.11','Специальность 10'),
 ('10.06.12','Специальность 11'),
 ('10.06.13','Специальность 12');

INSERT INTO accounting.students (id,full_name,payment_basis,living_address,inn,email,phone_number,phone_number_parent_1,phone_number_parent_2,role_in_group,type_of_scholarship,group_id) VALUES
 (100020,'Студентов Двадцатый Студентович','бюджет','Адрес20',103578963215,'40mail@mail.ru',9994333323,9994567123,9994567123,'нет','Нет',5108),
 (100021,'Студентов Студент Студентович','бюджет','Адрес21',104578963215,'41mail@mail.ru',9994447123,9994567123,9994567123,'стар','Стандарт.',9103),
 (100022,'Студентов Семистудент Студентович','контракт','Адрес22',105578963215,'42mail@mail.ru',9994555123,9994567123,9994567123,'нет','Нет',9103),
 (100023,'Студентов Полистудент Студентович','бюджет','Адрес23',106578963215,'43mail@mail.ru',9994566666,9994567123,9994567123,'стар','Повыш.',9110),
 (100024,'Студентов Квазистудент Студентович','контракт','Адрес24',107578963215,'44mail@mail.ru',9777567123,9994567123,9994567123,'нет','Нет',9110),
 (100004,'Студентов Четвертый Студентович','бюджет','Адрес4',124572346215,'24mail@mail.ru',9954567123,9994567123,9994567123,'нет','Повыш.',1120),
 (100005,'Студентов Пятый Студентович','бюджет','Адрес5',124578963523,'25mail@mail.ru',9934567123,9994567123,9994567123,'стар','Нет',2101),
 (100006,'Студентов Шестой Студентович','контракт','Адрес6',124578236045,'26mail@mail.ru',9994567121,9994567123,9994567123,'нет','Повыш.',2101),
 (100007,'Студентов Седьмой Студентович','бюджет','Адрес7',567578963215,'27mail@mail.ru',9994167123,9994567123,9994567123,'стар','Нет',2120),
 (100008,'Студентов Восьмой Студентович','контракт','Адрес8',610578963215,'28mail@mail.ru',9904567123,9994567123,9994567123,'нет','Повыш.',2120),
 (100009,'Студентов Девятый Студентович','бюджет','Адрес9',224578963215,'29mail@mail.ru',9994567120,9994567123,9994567123,'стар','Стандарт.',3101),
 (100010,'Студентов Десятый Студентович','контракт','Адрес10',324578963215,'30mail@mail.ru',9994767123,9994567123,9994567123,'нет','Повыш.',3101),
 (100011,'Студентов Одиннадцатый Студентович','контракт','Адрес11',424578963215,'31mail@mail.ru',9994777123,9994567123,9994567123,'стар','Стандарт.',3120),
 (100012,'Студентов Двенадцатый Студентович','бюджет','Адрес12',524578963215,'32mail@mail.ru',9994567343,9994567123,9994567123,'нет','Повыш.',3120),
 (100013,'Студентов Тринадцатый Студентович','контракт','Адрес13',624578963215,'33mail@mail.ru',9990067123,9994567123,9994567123,'стар','Нет',4104),
 (100014,'Студентов Четырнадцатый Студентович','бюджет','Адрес14',874578963215,'34mail@mail.ru',9994567100,9994567123,9994567123,'нет','Повыш.',4104),
 (100015,'Студентов Пятнадцатый Студентович','контракт','Адрес15',724578963215,'35mail@mail.ru',9004567123,9994567123,9994567123,'стар','Нет',4108),
 (100016,'Студентов Шестнадцатый Студентович','контракт','Адрес16',824578963215,'36mail@mail.ru',9901567123,9994567123,9994567123,'нет','Нет',4108),
 (100017,'Студентов Семнадцатый Студентович','контракт','Адрес17',924578963215,'37mail@mail.ru',9990567123,9994567123,9994567123,'стар','Стандарт.',5104),
 (100018,'Студентов Восемнадцатый Студентович','контракт','Адрес18',101578963215,'38mail@mail.ru',9991117123,9994567123,9994567123,'нет','Стандарт.',5104),
 (100019,'Студентов Девятнадцатый Студентович','бюджет','Адрес19',102578963215,'39mail@mail.ru',9994222123,9994567123,9994567123,'стар','Стандарт.',5108),
 (100001,'Студентов Первый Студентович','бюджет','Адрес1',124578963215,'21mail@mail.ru',9994567123,9994567543,9994567123,'стар','Повыш.',1101),
 (100002,'Студентов Второй Студентович','контракт','Адрес2',124578343215,'22mail@mail.ru',9994562123,9994567123,9994567123,'нет','Стандарт.',1101),
 (100003,'Студентов Третий Студентович','бюджет','Адрес3',144574963215,'23mail@mail.ru',9394567123,9994567123,9994567123,'стар','Нет',1120);
